{"AK":{"low":3.2701665,"high":3.2701665},"AL":{"low":36.0130882609,"high":232.7686869565},"AR":{"low":47.7162061905,"high":154.4020761905},"AZ":{"low":11.0982235714,"high":29.3790471429},"CA":{"low":12.1480621698,"high":1483.1895283019},"CO":{"low":5.5960845,"high":381.619725},"CT":{"low":430.4042,"high":430.4042},"DE":{"low":276.895,"high":276.895},"FL":{"low":27.4690491667,"high":1210.1694166667},"GA":{"low":33.747982809,"high":1022.3381370786},"HI":{"low":133.3027,"high":133.3027},"IA":{"low":25.5366088889,"high":162.6328333333},"ID":{"low":6.5927455185,"high":55.6500481481},"IL":{"low":29.0616546809,"high":600.1015340426},"IN":{"low":74.1438078125,"high":369.692928125},"KS":{"low":22.5999630769,"high":84.787075},"KY":{"low":37.5234631707,"high":287.1507585366},"LA":{"low":33.5003985714,"high":278.4043714286},"MA":{"low":1222.3218,"high":1222.3218},"MD":{"low":137.65155,"high":706.3328},"ME":{"low":41.3728907143,"high":119.6438214286},"MI":{"low":22.7136,"high":490.2521222222},"MN":{"low":8.6911617681,"high":382.972615942},"MO":{"low":41.0453465517,"high":433.5398655172},"MS":{"low":46.2463314815,"high":164.7540333333},"MT":{"low":1.82784975,"high":5.90529075},"NC":{"low":57.6878319737,"high":763.1554144737},"ND":{"low":3.230067963,"high":15.9322840741},"NE":{"low":4.4430195135,"high":70.7617902703},"NH":{"low":153.45335,"high":153.45335},"NJ":{"low":370.4113105263,"high":2400.4671052632},"NM":{"low":6.1832435417,"high":39.516995},"NV":{"low":15.5100835,"high":15.5100835},"NY":{"low":60.324387561,"high":912.0412341463},"OH":{"low":70.2043627273,"high":808.4665454545},"OK":{"low":50.7833980952,"high":113.7039619048},"OR":{"low":12.0140557143,"high":128.7424035714},"PA":{"low":52.6389239655,"high":1014.4536896552},"RI":{"low":985.9387,"high":985.9387},"SC":{"low":39.542732973,"high":334.8355918919},"SD":{"low":6.892712,"high":39.706404},"TN":{"low":42.1019251163,"high":392.2213465116},"TX":{"low":9.8418143906,"high":934.0804703125},"UT":{"low":5.1228549545,"high":65.9666890909},"VA":{"low":37.2819073864,"high":2838.1061136364},"VT":{"low":70.81929,"high":70.81929},"WA":{"low":20.2154932143,"high":354.2729071429},"WI":{"low":19.8559472727,"high":413.1680363636},"WV":{"low":119.4427266667,"high":193.2049333333},"WY":{"low":3.573026375,"high":6.7472284375},"ALL":{"low":1.2947259811,"high":7997.394879717}}