{"AK":{"low":3.2701665,"high":3.2701665},"AL":{"low":36.0130882609,"high":232.7686869565},"AR":{"low":47.6738688889,"high":113.3163722222},"AZ":{"low":11.0982235714,"high":29.3790471429},"CA":{"low":12.1394252885,"high":1483.4279807692},"CO":{"low":6.3217488421,"high":381.7998631579},"CT":{"low":412.1884,"high":412.1884},"DC":{"low":9856.487,"high":9856.487},"DE":{"low":276.895,"high":276.895},"FL":{"low":25.6898669355,"high":1209.9985},"GA":{"low":37.4932136782,"high":1023.3311678161},"HI":{"low":133.3027,"high":133.3027},"IA":{"low":27.6164228571,"high":154.2946714286},"ID":{"low":6.5035035217,"high":43.5473482609},"IL":{"low":29.0616546809,"high":600.1015340426},"IN":{"low":81.5079545455,"high":186.8563409091},"KS":{"low":22.5351986957,"high":67.0735613043},"KY":{"low":39.3718508108,"high":287.6765594595},"LA":{"low":33.5092155556,"high":301.2627333333},"MA":{"low":1222.3218,"high":1222.3218},"MD":{"low":137.3133888889,"high":456.2585444444},"ME":{"low":41.3728907143,"high":119.6438214286},"MI":{"low":30.78627,"high":490.4840875},"MN":{"low":8.6911617681,"high":382.972615942},"MO":{"low":65.191465,"high":395.7554888889},"MS":{"low":46.2463314815,"high":182.922337037},"MT":{"low":5.1840335,"high":5.1840335},"NC":{"low":57.6878319737,"high":763.1554144737},"ND":{"low":3.2329180357,"high":15.9144439286},"NE":{"low":4.4435024474,"high":70.725895},"NH":{"low":153.45335,"high":153.45335},"NJ":{"low":371.2335,"high":2396.51775},"NM":{"low":6.6773287391,"high":39.6936047826},"NV":{"low":15.5100835,"high":15.5100835},"NY":{"low":60.2977975,"high":912.807025},"OH":{"low":77.9003019149,"high":535.3328170213},"OK":{"low":50.6800968421,"high":87.7426963158},"OR":{"low":11.9743134783,"high":107.1832217391},"PA":{"low":52.6384344643,"high":1014.52175},"RI":{"low":985.9387,"high":985.9387},"SC":{"low":39.5098993939,"high":289.1920757576},"SD":{"low":7.1236447727,"high":39.7283222727},"TN":{"low":41.8651493023,"high":380.389955814},"TX":{"low":9.8417314803,"high":934.1125811024},"UT":{"low":4.9854389444,"high":19.5763288889},"VA":{"low":37.278370122,"high":2771.1292195122},"VT":{"low":66.01326,"high":66.01326},"WA":{"low":21.4261156522,"high":355.3290173913},"WI":{"low":19.8498992308,"high":413.4855019231},"WV":{"low":119.4427266667,"high":193.2049333333},"WY":{"low":4.0406873333,"high":6.8001396667},"ALL":{"low":1.4953631443,"high":9316.0131978576}}